{"subject": ["Hariprasad"], "win_RR_1": [853.3768436001111], "win_RR_2": [533.6213642109996], "hf_lf_1": [0.9989401473658008], "hf_lf_2": [0.0627132409686714]}