subject,win_RR_1,win_RR_2,hf_lf_1,hf_lf_2
Hariprasad,853.3768436001111,533.6213642109996,0.9989401473658001,0.06271324096867101
